class_id,character,category,label,sample_index,filename,unicode,width,height,color_mode
0,0,digit,digit_0,0,images/digit_0/digit_0_0000.png,U+0030,28,28,grayscale
0,0,digit,digit_0,1,images/digit_0/digit_0_0001.png,U+0030,28,28,grayscale
0,0,digit,digit_0,2,images/digit_0/digit_0_0002.png,U+0030,28,28,grayscale
0,0,digit,digit_0,3,images/digit_0/digit_0_0003.png,U+0030,28,28,grayscale
0,0,digit,digit_0,4,images/digit_0/digit_0_0004.png,U+0030,28,28,grayscale
0,0,digit,digit_0,5,images/digit_0/digit_0_0005.png,U+0030,28,28,grayscale
0,0,digit,digit_0,6,images/digit_0/digit_0_0006.png,U+0030,28,28,grayscale
0,0,digit,digit_0,7,images/digit_0/digit_0_0007.png,U+0030,28,28,grayscale
0,0,digit,digit_0,8,images/digit_0/digit_0_0008.png,U+0030,28,28,grayscale
0,0,digit,digit_0,9,images/digit_0/digit_0_0009.png,U+0030,28,28,grayscale
1,1,digit,digit_1,0,images/digit_1/digit_1_0000.png,U+0031,28,28,grayscale
1,1,digit,digit_1,1,images/digit_1/digit_1_0001.png,U+0031,28,28,grayscale
1,1,digit,digit_1,2,images/digit_1/digit_1_0002.png,U+0031,28,28,grayscale
1,1,digit,digit_1,3,images/digit_1/digit_1_0003.png,U+0031,28,28,grayscale
1,1,digit,digit_1,4,images/digit_1/digit_1_0004.png,U+0031,28,28,grayscale
1,1,digit,digit_1,5,images/digit_1/digit_1_0005.png,U+0031,28,28,grayscale
1,1,digit,digit_1,6,images/digit_1/digit_1_0006.png,U+0031,28,28,grayscale
1,1,digit,digit_1,7,images/digit_1/digit_1_0007.png,U+0031,28,28,grayscale
1,1,digit,digit_1,8,images/digit_1/digit_1_0008.png,U+0031,28,28,grayscale
1,1,digit,digit_1,9,images/digit_1/digit_1_0009.png,U+0031,28,28,grayscale
2,2,digit,digit_2,0,images/digit_2/digit_2_0000.png,U+0032,28,28,grayscale
2,2,digit,digit_2,1,images/digit_2/digit_2_0001.png,U+0032,28,28,grayscale
2,2,digit,digit_2,2,images/digit_2/digit_2_0002.png,U+0032,28,28,grayscale
2,2,digit,digit_2,3,images/digit_2/digit_2_0003.png,U+0032,28,28,grayscale
2,2,digit,digit_2,4,images/digit_2/digit_2_0004.png,U+0032,28,28,grayscale
2,2,digit,digit_2,5,images/digit_2/digit_2_0005.png,U+0032,28,28,grayscale
2,2,digit,digit_2,6,images/digit_2/digit_2_0006.png,U+0032,28,28,grayscale
2,2,digit,digit_2,7,images/digit_2/digit_2_0007.png,U+0032,28,28,grayscale
2,2,digit,digit_2,8,images/digit_2/digit_2_0008.png,U+0032,28,28,grayscale
2,2,digit,digit_2,9,images/digit_2/digit_2_0009.png,U+0032,28,28,grayscale
3,3,digit,digit_3,0,images/digit_3/digit_3_0000.png,U+0033,28,28,grayscale
3,3,digit,digit_3,1,images/digit_3/digit_3_0001.png,U+0033,28,28,grayscale
3,3,digit,digit_3,2,images/digit_3/digit_3_0002.png,U+0033,28,28,grayscale
3,3,digit,digit_3,3,images/digit_3/digit_3_0003.png,U+0033,28,28,grayscale
3,3,digit,digit_3,4,images/digit_3/digit_3_0004.png,U+0033,28,28,grayscale
3,3,digit,digit_3,5,images/digit_3/digit_3_0005.png,U+0033,28,28,grayscale
3,3,digit,digit_3,6,images/digit_3/digit_3_0006.png,U+0033,28,28,grayscale
3,3,digit,digit_3,7,images/digit_3/digit_3_0007.png,U+0033,28,28,grayscale
3,3,digit,digit_3,8,images/digit_3/digit_3_0008.png,U+0033,28,28,grayscale
3,3,digit,digit_3,9,images/digit_3/digit_3_0009.png,U+0033,28,28,grayscale
4,4,digit,digit_4,0,images/digit_4/digit_4_0000.png,U+0034,28,28,grayscale
4,4,digit,digit_4,1,images/digit_4/digit_4_0001.png,U+0034,28,28,grayscale
4,4,digit,digit_4,2,images/digit_4/digit_4_0002.png,U+0034,28,28,grayscale
4,4,digit,digit_4,3,images/digit_4/digit_4_0003.png,U+0034,28,28,grayscale
4,4,digit,digit_4,4,images/digit_4/digit_4_0004.png,U+0034,28,28,grayscale
4,4,digit,digit_4,5,images/digit_4/digit_4_0005.png,U+0034,28,28,grayscale
4,4,digit,digit_4,6,images/digit_4/digit_4_0006.png,U+0034,28,28,grayscale
4,4,digit,digit_4,7,images/digit_4/digit_4_0007.png,U+0034,28,28,grayscale
4,4,digit,digit_4,8,images/digit_4/digit_4_0008.png,U+0034,28,28,grayscale
4,4,digit,digit_4,9,images/digit_4/digit_4_0009.png,U+0034,28,28,grayscale
5,5,digit,digit_5,0,images/digit_5/digit_5_0000.png,U+0035,28,28,grayscale
5,5,digit,digit_5,1,images/digit_5/digit_5_0001.png,U+0035,28,28,grayscale
5,5,digit,digit_5,2,images/digit_5/digit_5_0002.png,U+0035,28,28,grayscale
5,5,digit,digit_5,3,images/digit_5/digit_5_0003.png,U+0035,28,28,grayscale
5,5,digit,digit_5,4,images/digit_5/digit_5_0004.png,U+0035,28,28,grayscale
5,5,digit,digit_5,5,images/digit_5/digit_5_0005.png,U+0035,28,28,grayscale
5,5,digit,digit_5,6,images/digit_5/digit_5_0006.png,U+0035,28,28,grayscale
5,5,digit,digit_5,7,images/digit_5/digit_5_0007.png,U+0035,28,28,grayscale
5,5,digit,digit_5,8,images/digit_5/digit_5_0008.png,U+0035,28,28,grayscale
5,5,digit,digit_5,9,images/digit_5/digit_5_0009.png,U+0035,28,28,grayscale
6,6,digit,digit_6,0,images/digit_6/digit_6_0000.png,U+0036,28,28,grayscale
6,6,digit,digit_6,1,images/digit_6/digit_6_0001.png,U+0036,28,28,grayscale
6,6,digit,digit_6,2,images/digit_6/digit_6_0002.png,U+0036,28,28,grayscale
6,6,digit,digit_6,3,images/digit_6/digit_6_0003.png,U+0036,28,28,grayscale
6,6,digit,digit_6,4,images/digit_6/digit_6_0004.png,U+0036,28,28,grayscale
6,6,digit,digit_6,5,images/digit_6/digit_6_0005.png,U+0036,28,28,grayscale
6,6,digit,digit_6,6,images/digit_6/digit_6_0006.png,U+0036,28,28,grayscale
6,6,digit,digit_6,7,images/digit_6/digit_6_0007.png,U+0036,28,28,grayscale
6,6,digit,digit_6,8,images/digit_6/digit_6_0008.png,U+0036,28,28,grayscale
6,6,digit,digit_6,9,images/digit_6/digit_6_0009.png,U+0036,28,28,grayscale
7,7,digit,digit_7,0,images/digit_7/digit_7_0000.png,U+0037,28,28,grayscale
7,7,digit,digit_7,1,images/digit_7/digit_7_0001.png,U+0037,28,28,grayscale
7,7,digit,digit_7,2,images/digit_7/digit_7_0002.png,U+0037,28,28,grayscale
7,7,digit,digit_7,3,images/digit_7/digit_7_0003.png,U+0037,28,28,grayscale
7,7,digit,digit_7,4,images/digit_7/digit_7_0004.png,U+0037,28,28,grayscale
7,7,digit,digit_7,5,images/digit_7/digit_7_0005.png,U+0037,28,28,grayscale
7,7,digit,digit_7,6,images/digit_7/digit_7_0006.png,U+0037,28,28,grayscale
7,7,digit,digit_7,7,images/digit_7/digit_7_0007.png,U+0037,28,28,grayscale
7,7,digit,digit_7,8,images/digit_7/digit_7_0008.png,U+0037,28,28,grayscale
7,7,digit,digit_7,9,images/digit_7/digit_7_0009.png,U+0037,28,28,grayscale
8,8,digit,digit_8,0,images/digit_8/digit_8_0000.png,U+0038,28,28,grayscale
8,8,digit,digit_8,1,images/digit_8/digit_8_0001.png,U+0038,28,28,grayscale
8,8,digit,digit_8,2,images/digit_8/digit_8_0002.png,U+0038,28,28,grayscale
8,8,digit,digit_8,3,images/digit_8/digit_8_0003.png,U+0038,28,28,grayscale
8,8,digit,digit_8,4,images/digit_8/digit_8_0004.png,U+0038,28,28,grayscale
8,8,digit,digit_8,5,images/digit_8/digit_8_0005.png,U+0038,28,28,grayscale
8,8,digit,digit_8,6,images/digit_8/digit_8_0006.png,U+0038,28,28,grayscale
8,8,digit,digit_8,7,images/digit_8/digit_8_0007.png,U+0038,28,28,grayscale
8,8,digit,digit_8,8,images/digit_8/digit_8_0008.png,U+0038,28,28,grayscale
8,8,digit,digit_8,9,images/digit_8/digit_8_0009.png,U+0038,28,28,grayscale
9,9,digit,digit_9,0,images/digit_9/digit_9_0000.png,U+0039,28,28,grayscale
9,9,digit,digit_9,1,images/digit_9/digit_9_0001.png,U+0039,28,28,grayscale
9,9,digit,digit_9,2,images/digit_9/digit_9_0002.png,U+0039,28,28,grayscale
9,9,digit,digit_9,3,images/digit_9/digit_9_0003.png,U+0039,28,28,grayscale
9,9,digit,digit_9,4,images/digit_9/digit_9_0004.png,U+0039,28,28,grayscale
9,9,digit,digit_9,5,images/digit_9/digit_9_0005.png,U+0039,28,28,grayscale
9,9,digit,digit_9,6,images/digit_9/digit_9_0006.png,U+0039,28,28,grayscale
9,9,digit,digit_9,7,images/digit_9/digit_9_0007.png,U+0039,28,28,grayscale
9,9,digit,digit_9,8,images/digit_9/digit_9_0008.png,U+0039,28,28,grayscale
9,9,digit,digit_9,9,images/digit_9/digit_9_0009.png,U+0039,28,28,grayscale
10,A,uppercase,upper_A,0,images/upper_A/upper_A_0000.png,U+0041,28,28,grayscale
10,A,uppercase,upper_A,1,images/upper_A/upper_A_0001.png,U+0041,28,28,grayscale
10,A,uppercase,upper_A,2,images/upper_A/upper_A_0002.png,U+0041,28,28,grayscale
10,A,uppercase,upper_A,3,images/upper_A/upper_A_0003.png,U+0041,28,28,grayscale
10,A,uppercase,upper_A,4,images/upper_A/upper_A_0004.png,U+0041,28,28,grayscale
10,A,uppercase,upper_A,5,images/upper_A/upper_A_0005.png,U+0041,28,28,grayscale
10,A,uppercase,upper_A,6,images/upper_A/upper_A_0006.png,U+0041,28,28,grayscale
10,A,uppercase,upper_A,7,images/upper_A/upper_A_0007.png,U+0041,28,28,grayscale
10,A,uppercase,upper_A,8,images/upper_A/upper_A_0008.png,U+0041,28,28,grayscale
10,A,uppercase,upper_A,9,images/upper_A/upper_A_0009.png,U+0041,28,28,grayscale
11,B,uppercase,upper_B,0,images/upper_B/upper_B_0000.png,U+0042,28,28,grayscale
11,B,uppercase,upper_B,1,images/upper_B/upper_B_0001.png,U+0042,28,28,grayscale
11,B,uppercase,upper_B,2,images/upper_B/upper_B_0002.png,U+0042,28,28,grayscale
11,B,uppercase,upper_B,3,images/upper_B/upper_B_0003.png,U+0042,28,28,grayscale
11,B,uppercase,upper_B,4,images/upper_B/upper_B_0004.png,U+0042,28,28,grayscale
11,B,uppercase,upper_B,5,images/upper_B/upper_B_0005.png,U+0042,28,28,grayscale
11,B,uppercase,upper_B,6,images/upper_B/upper_B_0006.png,U+0042,28,28,grayscale
11,B,uppercase,upper_B,7,images/upper_B/upper_B_0007.png,U+0042,28,28,grayscale
11,B,uppercase,upper_B,8,images/upper_B/upper_B_0008.png,U+0042,28,28,grayscale
11,B,uppercase,upper_B,9,images/upper_B/upper_B_0009.png,U+0042,28,28,grayscale
12,C,uppercase,upper_C,0,images/upper_C/upper_C_0000.png,U+0043,28,28,grayscale
12,C,uppercase,upper_C,1,images/upper_C/upper_C_0001.png,U+0043,28,28,grayscale
12,C,uppercase,upper_C,2,images/upper_C/upper_C_0002.png,U+0043,28,28,grayscale
12,C,uppercase,upper_C,3,images/upper_C/upper_C_0003.png,U+0043,28,28,grayscale
12,C,uppercase,upper_C,4,images/upper_C/upper_C_0004.png,U+0043,28,28,grayscale
12,C,uppercase,upper_C,5,images/upper_C/upper_C_0005.png,U+0043,28,28,grayscale
12,C,uppercase,upper_C,6,images/upper_C/upper_C_0006.png,U+0043,28,28,grayscale
12,C,uppercase,upper_C,7,images/upper_C/upper_C_0007.png,U+0043,28,28,grayscale
12,C,uppercase,upper_C,8,images/upper_C/upper_C_0008.png,U+0043,28,28,grayscale
12,C,uppercase,upper_C,9,images/upper_C/upper_C_0009.png,U+0043,28,28,grayscale
13,D,uppercase,upper_D,0,images/upper_D/upper_D_0000.png,U+0044,28,28,grayscale
13,D,uppercase,upper_D,1,images/upper_D/upper_D_0001.png,U+0044,28,28,grayscale
13,D,uppercase,upper_D,2,images/upper_D/upper_D_0002.png,U+0044,28,28,grayscale
13,D,uppercase,upper_D,3,images/upper_D/upper_D_0003.png,U+0044,28,28,grayscale
13,D,uppercase,upper_D,4,images/upper_D/upper_D_0004.png,U+0044,28,28,grayscale
13,D,uppercase,upper_D,5,images/upper_D/upper_D_0005.png,U+0044,28,28,grayscale
13,D,uppercase,upper_D,6,images/upper_D/upper_D_0006.png,U+0044,28,28,grayscale
13,D,uppercase,upper_D,7,images/upper_D/upper_D_0007.png,U+0044,28,28,grayscale
13,D,uppercase,upper_D,8,images/upper_D/upper_D_0008.png,U+0044,28,28,grayscale
13,D,uppercase,upper_D,9,images/upper_D/upper_D_0009.png,U+0044,28,28,grayscale
14,E,uppercase,upper_E,0,images/upper_E/upper_E_0000.png,U+0045,28,28,grayscale
14,E,uppercase,upper_E,1,images/upper_E/upper_E_0001.png,U+0045,28,28,grayscale
14,E,uppercase,upper_E,2,images/upper_E/upper_E_0002.png,U+0045,28,28,grayscale
14,E,uppercase,upper_E,3,images/upper_E/upper_E_0003.png,U+0045,28,28,grayscale
14,E,uppercase,upper_E,4,images/upper_E/upper_E_0004.png,U+0045,28,28,grayscale
14,E,uppercase,upper_E,5,images/upper_E/upper_E_0005.png,U+0045,28,28,grayscale
14,E,uppercase,upper_E,6,images/upper_E/upper_E_0006.png,U+0045,28,28,grayscale
14,E,uppercase,upper_E,7,images/upper_E/upper_E_0007.png,U+0045,28,28,grayscale
14,E,uppercase,upper_E,8,images/upper_E/upper_E_0008.png,U+0045,28,28,grayscale
14,E,uppercase,upper_E,9,images/upper_E/upper_E_0009.png,U+0045,28,28,grayscale
15,F,uppercase,upper_F,0,images/upper_F/upper_F_0000.png,U+0046,28,28,grayscale
15,F,uppercase,upper_F,1,images/upper_F/upper_F_0001.png,U+0046,28,28,grayscale
15,F,uppercase,upper_F,2,images/upper_F/upper_F_0002.png,U+0046,28,28,grayscale
15,F,uppercase,upper_F,3,images/upper_F/upper_F_0003.png,U+0046,28,28,grayscale
15,F,uppercase,upper_F,4,images/upper_F/upper_F_0004.png,U+0046,28,28,grayscale
15,F,uppercase,upper_F,5,images/upper_F/upper_F_0005.png,U+0046,28,28,grayscale
15,F,uppercase,upper_F,6,images/upper_F/upper_F_0006.png,U+0046,28,28,grayscale
15,F,uppercase,upper_F,7,images/upper_F/upper_F_0007.png,U+0046,28,28,grayscale
15,F,uppercase,upper_F,8,images/upper_F/upper_F_0008.png,U+0046,28,28,grayscale
15,F,uppercase,upper_F,9,images/upper_F/upper_F_0009.png,U+0046,28,28,grayscale
16,G,uppercase,upper_G,0,images/upper_G/upper_G_0000.png,U+0047,28,28,grayscale
16,G,uppercase,upper_G,1,images/upper_G/upper_G_0001.png,U+0047,28,28,grayscale
16,G,uppercase,upper_G,2,images/upper_G/upper_G_0002.png,U+0047,28,28,grayscale
16,G,uppercase,upper_G,3,images/upper_G/upper_G_0003.png,U+0047,28,28,grayscale
16,G,uppercase,upper_G,4,images/upper_G/upper_G_0004.png,U+0047,28,28,grayscale
16,G,uppercase,upper_G,5,images/upper_G/upper_G_0005.png,U+0047,28,28,grayscale
16,G,uppercase,upper_G,6,images/upper_G/upper_G_0006.png,U+0047,28,28,grayscale
16,G,uppercase,upper_G,7,images/upper_G/upper_G_0007.png,U+0047,28,28,grayscale
16,G,uppercase,upper_G,8,images/upper_G/upper_G_0008.png,U+0047,28,28,grayscale
16,G,uppercase,upper_G,9,images/upper_G/upper_G_0009.png,U+0047,28,28,grayscale
17,H,uppercase,upper_H,0,images/upper_H/upper_H_0000.png,U+0048,28,28,grayscale
17,H,uppercase,upper_H,1,images/upper_H/upper_H_0001.png,U+0048,28,28,grayscale
17,H,uppercase,upper_H,2,images/upper_H/upper_H_0002.png,U+0048,28,28,grayscale
17,H,uppercase,upper_H,3,images/upper_H/upper_H_0003.png,U+0048,28,28,grayscale
17,H,uppercase,upper_H,4,images/upper_H/upper_H_0004.png,U+0048,28,28,grayscale
17,H,uppercase,upper_H,5,images/upper_H/upper_H_0005.png,U+0048,28,28,grayscale
17,H,uppercase,upper_H,6,images/upper_H/upper_H_0006.png,U+0048,28,28,grayscale
17,H,uppercase,upper_H,7,images/upper_H/upper_H_0007.png,U+0048,28,28,grayscale
17,H,uppercase,upper_H,8,images/upper_H/upper_H_0008.png,U+0048,28,28,grayscale
17,H,uppercase,upper_H,9,images/upper_H/upper_H_0009.png,U+0048,28,28,grayscale
18,I,uppercase,upper_I,0,images/upper_I/upper_I_0000.png,U+0049,28,28,grayscale
18,I,uppercase,upper_I,1,images/upper_I/upper_I_0001.png,U+0049,28,28,grayscale
18,I,uppercase,upper_I,2,images/upper_I/upper_I_0002.png,U+0049,28,28,grayscale
18,I,uppercase,upper_I,3,images/upper_I/upper_I_0003.png,U+0049,28,28,grayscale
18,I,uppercase,upper_I,4,images/upper_I/upper_I_0004.png,U+0049,28,28,grayscale
18,I,uppercase,upper_I,5,images/upper_I/upper_I_0005.png,U+0049,28,28,grayscale
18,I,uppercase,upper_I,6,images/upper_I/upper_I_0006.png,U+0049,28,28,grayscale
18,I,uppercase,upper_I,7,images/upper_I/upper_I_0007.png,U+0049,28,28,grayscale
18,I,uppercase,upper_I,8,images/upper_I/upper_I_0008.png,U+0049,28,28,grayscale
18,I,uppercase,upper_I,9,images/upper_I/upper_I_0009.png,U+0049,28,28,grayscale
19,J,uppercase,upper_J,0,images/upper_J/upper_J_0000.png,U+004A,28,28,grayscale
19,J,uppercase,upper_J,1,images/upper_J/upper_J_0001.png,U+004A,28,28,grayscale
19,J,uppercase,upper_J,2,images/upper_J/upper_J_0002.png,U+004A,28,28,grayscale
19,J,uppercase,upper_J,3,images/upper_J/upper_J_0003.png,U+004A,28,28,grayscale
19,J,uppercase,upper_J,4,images/upper_J/upper_J_0004.png,U+004A,28,28,grayscale
19,J,uppercase,upper_J,5,images/upper_J/upper_J_0005.png,U+004A,28,28,grayscale
19,J,uppercase,upper_J,6,images/upper_J/upper_J_0006.png,U+004A,28,28,grayscale
19,J,uppercase,upper_J,7,images/upper_J/upper_J_0007.png,U+004A,28,28,grayscale
19,J,uppercase,upper_J,8,images/upper_J/upper_J_0008.png,U+004A,28,28,grayscale
19,J,uppercase,upper_J,9,images/upper_J/upper_J_0009.png,U+004A,28,28,grayscale
20,K,uppercase,upper_K,0,images/upper_K/upper_K_0000.png,U+004B,28,28,grayscale
20,K,uppercase,upper_K,1,images/upper_K/upper_K_0001.png,U+004B,28,28,grayscale
20,K,uppercase,upper_K,2,images/upper_K/upper_K_0002.png,U+004B,28,28,grayscale
20,K,uppercase,upper_K,3,images/upper_K/upper_K_0003.png,U+004B,28,28,grayscale
20,K,uppercase,upper_K,4,images/upper_K/upper_K_0004.png,U+004B,28,28,grayscale
20,K,uppercase,upper_K,5,images/upper_K/upper_K_0005.png,U+004B,28,28,grayscale
20,K,uppercase,upper_K,6,images/upper_K/upper_K_0006.png,U+004B,28,28,grayscale
20,K,uppercase,upper_K,7,images/upper_K/upper_K_0007.png,U+004B,28,28,grayscale
20,K,uppercase,upper_K,8,images/upper_K/upper_K_0008.png,U+004B,28,28,grayscale
20,K,uppercase,upper_K,9,images/upper_K/upper_K_0009.png,U+004B,28,28,grayscale
21,L,uppercase,upper_L,0,images/upper_L/upper_L_0000.png,U+004C,28,28,grayscale
21,L,uppercase,upper_L,1,images/upper_L/upper_L_0001.png,U+004C,28,28,grayscale
21,L,uppercase,upper_L,2,images/upper_L/upper_L_0002.png,U+004C,28,28,grayscale
21,L,uppercase,upper_L,3,images/upper_L/upper_L_0003.png,U+004C,28,28,grayscale
21,L,uppercase,upper_L,4,images/upper_L/upper_L_0004.png,U+004C,28,28,grayscale
21,L,uppercase,upper_L,5,images/upper_L/upper_L_0005.png,U+004C,28,28,grayscale
21,L,uppercase,upper_L,6,images/upper_L/upper_L_0006.png,U+004C,28,28,grayscale
21,L,uppercase,upper_L,7,images/upper_L/upper_L_0007.png,U+004C,28,28,grayscale
21,L,uppercase,upper_L,8,images/upper_L/upper_L_0008.png,U+004C,28,28,grayscale
21,L,uppercase,upper_L,9,images/upper_L/upper_L_0009.png,U+004C,28,28,grayscale
22,M,uppercase,upper_M,0,images/upper_M/upper_M_0000.png,U+004D,28,28,grayscale
22,M,uppercase,upper_M,1,images/upper_M/upper_M_0001.png,U+004D,28,28,grayscale
22,M,uppercase,upper_M,2,images/upper_M/upper_M_0002.png,U+004D,28,28,grayscale
22,M,uppercase,upper_M,3,images/upper_M/upper_M_0003.png,U+004D,28,28,grayscale
22,M,uppercase,upper_M,4,images/upper_M/upper_M_0004.png,U+004D,28,28,grayscale
22,M,uppercase,upper_M,5,images/upper_M/upper_M_0005.png,U+004D,28,28,grayscale
22,M,uppercase,upper_M,6,images/upper_M/upper_M_0006.png,U+004D,28,28,grayscale
22,M,uppercase,upper_M,7,images/upper_M/upper_M_0007.png,U+004D,28,28,grayscale
22,M,uppercase,upper_M,8,images/upper_M/upper_M_0008.png,U+004D,28,28,grayscale
22,M,uppercase,upper_M,9,images/upper_M/upper_M_0009.png,U+004D,28,28,grayscale
23,N,uppercase,upper_N,0,images/upper_N/upper_N_0000.png,U+004E,28,28,grayscale
23,N,uppercase,upper_N,1,images/upper_N/upper_N_0001.png,U+004E,28,28,grayscale
23,N,uppercase,upper_N,2,images/upper_N/upper_N_0002.png,U+004E,28,28,grayscale
23,N,uppercase,upper_N,3,images/upper_N/upper_N_0003.png,U+004E,28,28,grayscale
23,N,uppercase,upper_N,4,images/upper_N/upper_N_0004.png,U+004E,28,28,grayscale
23,N,uppercase,upper_N,5,images/upper_N/upper_N_0005.png,U+004E,28,28,grayscale
23,N,uppercase,upper_N,6,images/upper_N/upper_N_0006.png,U+004E,28,28,grayscale
23,N,uppercase,upper_N,7,images/upper_N/upper_N_0007.png,U+004E,28,28,grayscale
23,N,uppercase,upper_N,8,images/upper_N/upper_N_0008.png,U+004E,28,28,grayscale
23,N,uppercase,upper_N,9,images/upper_N/upper_N_0009.png,U+004E,28,28,grayscale
24,O,uppercase,upper_O,0,images/upper_O/upper_O_0000.png,U+004F,28,28,grayscale
24,O,uppercase,upper_O,1,images/upper_O/upper_O_0001.png,U+004F,28,28,grayscale
24,O,uppercase,upper_O,2,images/upper_O/upper_O_0002.png,U+004F,28,28,grayscale
24,O,uppercase,upper_O,3,images/upper_O/upper_O_0003.png,U+004F,28,28,grayscale
24,O,uppercase,upper_O,4,images/upper_O/upper_O_0004.png,U+004F,28,28,grayscale
24,O,uppercase,upper_O,5,images/upper_O/upper_O_0005.png,U+004F,28,28,grayscale
24,O,uppercase,upper_O,6,images/upper_O/upper_O_0006.png,U+004F,28,28,grayscale
24,O,uppercase,upper_O,7,images/upper_O/upper_O_0007.png,U+004F,28,28,grayscale
24,O,uppercase,upper_O,8,images/upper_O/upper_O_0008.png,U+004F,28,28,grayscale
24,O,uppercase,upper_O,9,images/upper_O/upper_O_0009.png,U+004F,28,28,grayscale
25,P,uppercase,upper_P,0,images/upper_P/upper_P_0000.png,U+0050,28,28,grayscale
25,P,uppercase,upper_P,1,images/upper_P/upper_P_0001.png,U+0050,28,28,grayscale
25,P,uppercase,upper_P,2,images/upper_P/upper_P_0002.png,U+0050,28,28,grayscale
25,P,uppercase,upper_P,3,images/upper_P/upper_P_0003.png,U+0050,28,28,grayscale
25,P,uppercase,upper_P,4,images/upper_P/upper_P_0004.png,U+0050,28,28,grayscale
25,P,uppercase,upper_P,5,images/upper_P/upper_P_0005.png,U+0050,28,28,grayscale
25,P,uppercase,upper_P,6,images/upper_P/upper_P_0006.png,U+0050,28,28,grayscale
25,P,uppercase,upper_P,7,images/upper_P/upper_P_0007.png,U+0050,28,28,grayscale
25,P,uppercase,upper_P,8,images/upper_P/upper_P_0008.png,U+0050,28,28,grayscale
25,P,uppercase,upper_P,9,images/upper_P/upper_P_0009.png,U+0050,28,28,grayscale
26,Q,uppercase,upper_Q,0,images/upper_Q/upper_Q_0000.png,U+0051,28,28,grayscale
26,Q,uppercase,upper_Q,1,images/upper_Q/upper_Q_0001.png,U+0051,28,28,grayscale
26,Q,uppercase,upper_Q,2,images/upper_Q/upper_Q_0002.png,U+0051,28,28,grayscale
26,Q,uppercase,upper_Q,3,images/upper_Q/upper_Q_0003.png,U+0051,28,28,grayscale
26,Q,uppercase,upper_Q,4,images/upper_Q/upper_Q_0004.png,U+0051,28,28,grayscale
26,Q,uppercase,upper_Q,5,images/upper_Q/upper_Q_0005.png,U+0051,28,28,grayscale
26,Q,uppercase,upper_Q,6,images/upper_Q/upper_Q_0006.png,U+0051,28,28,grayscale
26,Q,uppercase,upper_Q,7,images/upper_Q/upper_Q_0007.png,U+0051,28,28,grayscale
26,Q,uppercase,upper_Q,8,images/upper_Q/upper_Q_0008.png,U+0051,28,28,grayscale
26,Q,uppercase,upper_Q,9,images/upper_Q/upper_Q_0009.png,U+0051,28,28,grayscale
27,R,uppercase,upper_R,0,images/upper_R/upper_R_0000.png,U+0052,28,28,grayscale
27,R,uppercase,upper_R,1,images/upper_R/upper_R_0001.png,U+0052,28,28,grayscale
27,R,uppercase,upper_R,2,images/upper_R/upper_R_0002.png,U+0052,28,28,grayscale
27,R,uppercase,upper_R,3,images/upper_R/upper_R_0003.png,U+0052,28,28,grayscale
27,R,uppercase,upper_R,4,images/upper_R/upper_R_0004.png,U+0052,28,28,grayscale
27,R,uppercase,upper_R,5,images/upper_R/upper_R_0005.png,U+0052,28,28,grayscale
27,R,uppercase,upper_R,6,images/upper_R/upper_R_0006.png,U+0052,28,28,grayscale
27,R,uppercase,upper_R,7,images/upper_R/upper_R_0007.png,U+0052,28,28,grayscale
27,R,uppercase,upper_R,8,images/upper_R/upper_R_0008.png,U+0052,28,28,grayscale
27,R,uppercase,upper_R,9,images/upper_R/upper_R_0009.png,U+0052,28,28,grayscale
28,S,uppercase,upper_S,0,images/upper_S/upper_S_0000.png,U+0053,28,28,grayscale
28,S,uppercase,upper_S,1,images/upper_S/upper_S_0001.png,U+0053,28,28,grayscale
28,S,uppercase,upper_S,2,images/upper_S/upper_S_0002.png,U+0053,28,28,grayscale
28,S,uppercase,upper_S,3,images/upper_S/upper_S_0003.png,U+0053,28,28,grayscale
28,S,uppercase,upper_S,4,images/upper_S/upper_S_0004.png,U+0053,28,28,grayscale
28,S,uppercase,upper_S,5,images/upper_S/upper_S_0005.png,U+0053,28,28,grayscale
28,S,uppercase,upper_S,6,images/upper_S/upper_S_0006.png,U+0053,28,28,grayscale
28,S,uppercase,upper_S,7,images/upper_S/upper_S_0007.png,U+0053,28,28,grayscale
28,S,uppercase,upper_S,8,images/upper_S/upper_S_0008.png,U+0053,28,28,grayscale
28,S,uppercase,upper_S,9,images/upper_S/upper_S_0009.png,U+0053,28,28,grayscale
29,T,uppercase,upper_T,0,images/upper_T/upper_T_0000.png,U+0054,28,28,grayscale
29,T,uppercase,upper_T,1,images/upper_T/upper_T_0001.png,U+0054,28,28,grayscale
29,T,uppercase,upper_T,2,images/upper_T/upper_T_0002.png,U+0054,28,28,grayscale
29,T,uppercase,upper_T,3,images/upper_T/upper_T_0003.png,U+0054,28,28,grayscale
29,T,uppercase,upper_T,4,images/upper_T/upper_T_0004.png,U+0054,28,28,grayscale
29,T,uppercase,upper_T,5,images/upper_T/upper_T_0005.png,U+0054,28,28,grayscale
29,T,uppercase,upper_T,6,images/upper_T/upper_T_0006.png,U+0054,28,28,grayscale
29,T,uppercase,upper_T,7,images/upper_T/upper_T_0007.png,U+0054,28,28,grayscale
29,T,uppercase,upper_T,8,images/upper_T/upper_T_0008.png,U+0054,28,28,grayscale
29,T,uppercase,upper_T,9,images/upper_T/upper_T_0009.png,U+0054,28,28,grayscale
30,U,uppercase,upper_U,0,images/upper_U/upper_U_0000.png,U+0055,28,28,grayscale
30,U,uppercase,upper_U,1,images/upper_U/upper_U_0001.png,U+0055,28,28,grayscale
30,U,uppercase,upper_U,2,images/upper_U/upper_U_0002.png,U+0055,28,28,grayscale
30,U,uppercase,upper_U,3,images/upper_U/upper_U_0003.png,U+0055,28,28,grayscale
30,U,uppercase,upper_U,4,images/upper_U/upper_U_0004.png,U+0055,28,28,grayscale
30,U,uppercase,upper_U,5,images/upper_U/upper_U_0005.png,U+0055,28,28,grayscale
30,U,uppercase,upper_U,6,images/upper_U/upper_U_0006.png,U+0055,28,28,grayscale
30,U,uppercase,upper_U,7,images/upper_U/upper_U_0007.png,U+0055,28,28,grayscale
30,U,uppercase,upper_U,8,images/upper_U/upper_U_0008.png,U+0055,28,28,grayscale
30,U,uppercase,upper_U,9,images/upper_U/upper_U_0009.png,U+0055,28,28,grayscale
31,V,uppercase,upper_V,0,images/upper_V/upper_V_0000.png,U+0056,28,28,grayscale
31,V,uppercase,upper_V,1,images/upper_V/upper_V_0001.png,U+0056,28,28,grayscale
31,V,uppercase,upper_V,2,images/upper_V/upper_V_0002.png,U+0056,28,28,grayscale
31,V,uppercase,upper_V,3,images/upper_V/upper_V_0003.png,U+0056,28,28,grayscale
31,V,uppercase,upper_V,4,images/upper_V/upper_V_0004.png,U+0056,28,28,grayscale
31,V,uppercase,upper_V,5,images/upper_V/upper_V_0005.png,U+0056,28,28,grayscale
31,V,uppercase,upper_V,6,images/upper_V/upper_V_0006.png,U+0056,28,28,grayscale
31,V,uppercase,upper_V,7,images/upper_V/upper_V_0007.png,U+0056,28,28,grayscale
31,V,uppercase,upper_V,8,images/upper_V/upper_V_0008.png,U+0056,28,28,grayscale
31,V,uppercase,upper_V,9,images/upper_V/upper_V_0009.png,U+0056,28,28,grayscale
32,W,uppercase,upper_W,0,images/upper_W/upper_W_0000.png,U+0057,28,28,grayscale
32,W,uppercase,upper_W,1,images/upper_W/upper_W_0001.png,U+0057,28,28,grayscale
32,W,uppercase,upper_W,2,images/upper_W/upper_W_0002.png,U+0057,28,28,grayscale
32,W,uppercase,upper_W,3,images/upper_W/upper_W_0003.png,U+0057,28,28,grayscale
32,W,uppercase,upper_W,4,images/upper_W/upper_W_0004.png,U+0057,28,28,grayscale
32,W,uppercase,upper_W,5,images/upper_W/upper_W_0005.png,U+0057,28,28,grayscale
32,W,uppercase,upper_W,6,images/upper_W/upper_W_0006.png,U+0057,28,28,grayscale
32,W,uppercase,upper_W,7,images/upper_W/upper_W_0007.png,U+0057,28,28,grayscale
32,W,uppercase,upper_W,8,images/upper_W/upper_W_0008.png,U+0057,28,28,grayscale
32,W,uppercase,upper_W,9,images/upper_W/upper_W_0009.png,U+0057,28,28,grayscale
33,X,uppercase,upper_X,0,images/upper_X/upper_X_0000.png,U+0058,28,28,grayscale
33,X,uppercase,upper_X,1,images/upper_X/upper_X_0001.png,U+0058,28,28,grayscale
33,X,uppercase,upper_X,2,images/upper_X/upper_X_0002.png,U+0058,28,28,grayscale
33,X,uppercase,upper_X,3,images/upper_X/upper_X_0003.png,U+0058,28,28,grayscale
33,X,uppercase,upper_X,4,images/upper_X/upper_X_0004.png,U+0058,28,28,grayscale
33,X,uppercase,upper_X,5,images/upper_X/upper_X_0005.png,U+0058,28,28,grayscale
33,X,uppercase,upper_X,6,images/upper_X/upper_X_0006.png,U+0058,28,28,grayscale
33,X,uppercase,upper_X,7,images/upper_X/upper_X_0007.png,U+0058,28,28,grayscale
33,X,uppercase,upper_X,8,images/upper_X/upper_X_0008.png,U+0058,28,28,grayscale
33,X,uppercase,upper_X,9,images/upper_X/upper_X_0009.png,U+0058,28,28,grayscale
34,Y,uppercase,upper_Y,0,images/upper_Y/upper_Y_0000.png,U+0059,28,28,grayscale
34,Y,uppercase,upper_Y,1,images/upper_Y/upper_Y_0001.png,U+0059,28,28,grayscale
34,Y,uppercase,upper_Y,2,images/upper_Y/upper_Y_0002.png,U+0059,28,28,grayscale
34,Y,uppercase,upper_Y,3,images/upper_Y/upper_Y_0003.png,U+0059,28,28,grayscale
34,Y,uppercase,upper_Y,4,images/upper_Y/upper_Y_0004.png,U+0059,28,28,grayscale
34,Y,uppercase,upper_Y,5,images/upper_Y/upper_Y_0005.png,U+0059,28,28,grayscale
34,Y,uppercase,upper_Y,6,images/upper_Y/upper_Y_0006.png,U+0059,28,28,grayscale
34,Y,uppercase,upper_Y,7,images/upper_Y/upper_Y_0007.png,U+0059,28,28,grayscale
34,Y,uppercase,upper_Y,8,images/upper_Y/upper_Y_0008.png,U+0059,28,28,grayscale
34,Y,uppercase,upper_Y,9,images/upper_Y/upper_Y_0009.png,U+0059,28,28,grayscale
35,Z,uppercase,upper_Z,0,images/upper_Z/upper_Z_0000.png,U+005A,28,28,grayscale
35,Z,uppercase,upper_Z,1,images/upper_Z/upper_Z_0001.png,U+005A,28,28,grayscale
35,Z,uppercase,upper_Z,2,images/upper_Z/upper_Z_0002.png,U+005A,28,28,grayscale
35,Z,uppercase,upper_Z,3,images/upper_Z/upper_Z_0003.png,U+005A,28,28,grayscale
35,Z,uppercase,upper_Z,4,images/upper_Z/upper_Z_0004.png,U+005A,28,28,grayscale
35,Z,uppercase,upper_Z,5,images/upper_Z/upper_Z_0005.png,U+005A,28,28,grayscale
35,Z,uppercase,upper_Z,6,images/upper_Z/upper_Z_0006.png,U+005A,28,28,grayscale
35,Z,uppercase,upper_Z,7,images/upper_Z/upper_Z_0007.png,U+005A,28,28,grayscale
35,Z,uppercase,upper_Z,8,images/upper_Z/upper_Z_0008.png,U+005A,28,28,grayscale
35,Z,uppercase,upper_Z,9,images/upper_Z/upper_Z_0009.png,U+005A,28,28,grayscale
36,Á,accented_upper,upper_Á,0,images/upper_Á/upper_Á_0000.png,U+00C1,28,28,grayscale
36,Á,accented_upper,upper_Á,1,images/upper_Á/upper_Á_0001.png,U+00C1,28,28,grayscale
36,Á,accented_upper,upper_Á,2,images/upper_Á/upper_Á_0002.png,U+00C1,28,28,grayscale
36,Á,accented_upper,upper_Á,3,images/upper_Á/upper_Á_0003.png,U+00C1,28,28,grayscale
36,Á,accented_upper,upper_Á,4,images/upper_Á/upper_Á_0004.png,U+00C1,28,28,grayscale
36,Á,accented_upper,upper_Á,5,images/upper_Á/upper_Á_0005.png,U+00C1,28,28,grayscale
36,Á,accented_upper,upper_Á,6,images/upper_Á/upper_Á_0006.png,U+00C1,28,28,grayscale
36,Á,accented_upper,upper_Á,7,images/upper_Á/upper_Á_0007.png,U+00C1,28,28,grayscale
36,Á,accented_upper,upper_Á,8,images/upper_Á/upper_Á_0008.png,U+00C1,28,28,grayscale
36,Á,accented_upper,upper_Á,9,images/upper_Á/upper_Á_0009.png,U+00C1,28,28,grayscale
37,É,accented_upper,upper_É,0,images/upper_É/upper_É_0000.png,U+00C9,28,28,grayscale
37,É,accented_upper,upper_É,1,images/upper_É/upper_É_0001.png,U+00C9,28,28,grayscale
37,É,accented_upper,upper_É,2,images/upper_É/upper_É_0002.png,U+00C9,28,28,grayscale
37,É,accented_upper,upper_É,3,images/upper_É/upper_É_0003.png,U+00C9,28,28,grayscale
37,É,accented_upper,upper_É,4,images/upper_É/upper_É_0004.png,U+00C9,28,28,grayscale
37,É,accented_upper,upper_É,5,images/upper_É/upper_É_0005.png,U+00C9,28,28,grayscale
37,É,accented_upper,upper_É,6,images/upper_É/upper_É_0006.png,U+00C9,28,28,grayscale
37,É,accented_upper,upper_É,7,images/upper_É/upper_É_0007.png,U+00C9,28,28,grayscale
37,É,accented_upper,upper_É,8,images/upper_É/upper_É_0008.png,U+00C9,28,28,grayscale
37,É,accented_upper,upper_É,9,images/upper_É/upper_É_0009.png,U+00C9,28,28,grayscale
38,Í,accented_upper,upper_Í,0,images/upper_Í/upper_Í_0000.png,U+00CD,28,28,grayscale
38,Í,accented_upper,upper_Í,1,images/upper_Í/upper_Í_0001.png,U+00CD,28,28,grayscale
38,Í,accented_upper,upper_Í,2,images/upper_Í/upper_Í_0002.png,U+00CD,28,28,grayscale
38,Í,accented_upper,upper_Í,3,images/upper_Í/upper_Í_0003.png,U+00CD,28,28,grayscale
38,Í,accented_upper,upper_Í,4,images/upper_Í/upper_Í_0004.png,U+00CD,28,28,grayscale
38,Í,accented_upper,upper_Í,5,images/upper_Í/upper_Í_0005.png,U+00CD,28,28,grayscale
38,Í,accented_upper,upper_Í,6,images/upper_Í/upper_Í_0006.png,U+00CD,28,28,grayscale
38,Í,accented_upper,upper_Í,7,images/upper_Í/upper_Í_0007.png,U+00CD,28,28,grayscale
38,Í,accented_upper,upper_Í,8,images/upper_Í/upper_Í_0008.png,U+00CD,28,28,grayscale
38,Í,accented_upper,upper_Í,9,images/upper_Í/upper_Í_0009.png,U+00CD,28,28,grayscale
39,Ó,accented_upper,upper_Ó,0,images/upper_Ó/upper_Ó_0000.png,U+00D3,28,28,grayscale
39,Ó,accented_upper,upper_Ó,1,images/upper_Ó/upper_Ó_0001.png,U+00D3,28,28,grayscale
39,Ó,accented_upper,upper_Ó,2,images/upper_Ó/upper_Ó_0002.png,U+00D3,28,28,grayscale
39,Ó,accented_upper,upper_Ó,3,images/upper_Ó/upper_Ó_0003.png,U+00D3,28,28,grayscale
39,Ó,accented_upper,upper_Ó,4,images/upper_Ó/upper_Ó_0004.png,U+00D3,28,28,grayscale
39,Ó,accented_upper,upper_Ó,5,images/upper_Ó/upper_Ó_0005.png,U+00D3,28,28,grayscale
39,Ó,accented_upper,upper_Ó,6,images/upper_Ó/upper_Ó_0006.png,U+00D3,28,28,grayscale
39,Ó,accented_upper,upper_Ó,7,images/upper_Ó/upper_Ó_0007.png,U+00D3,28,28,grayscale
39,Ó,accented_upper,upper_Ó,8,images/upper_Ó/upper_Ó_0008.png,U+00D3,28,28,grayscale
39,Ó,accented_upper,upper_Ó,9,images/upper_Ó/upper_Ó_0009.png,U+00D3,28,28,grayscale
40,Ú,accented_upper,upper_Ú,0,images/upper_Ú/upper_Ú_0000.png,U+00DA,28,28,grayscale
40,Ú,accented_upper,upper_Ú,1,images/upper_Ú/upper_Ú_0001.png,U+00DA,28,28,grayscale
40,Ú,accented_upper,upper_Ú,2,images/upper_Ú/upper_Ú_0002.png,U+00DA,28,28,grayscale
40,Ú,accented_upper,upper_Ú,3,images/upper_Ú/upper_Ú_0003.png,U+00DA,28,28,grayscale
40,Ú,accented_upper,upper_Ú,4,images/upper_Ú/upper_Ú_0004.png,U+00DA,28,28,grayscale
40,Ú,accented_upper,upper_Ú,5,images/upper_Ú/upper_Ú_0005.png,U+00DA,28,28,grayscale
40,Ú,accented_upper,upper_Ú,6,images/upper_Ú/upper_Ú_0006.png,U+00DA,28,28,grayscale
40,Ú,accented_upper,upper_Ú,7,images/upper_Ú/upper_Ú_0007.png,U+00DA,28,28,grayscale
40,Ú,accented_upper,upper_Ú,8,images/upper_Ú/upper_Ú_0008.png,U+00DA,28,28,grayscale
40,Ú,accented_upper,upper_Ú,9,images/upper_Ú/upper_Ú_0009.png,U+00DA,28,28,grayscale
41,Ü,accented_upper,upper_Ü,0,images/upper_Ü/upper_Ü_0000.png,U+00DC,28,28,grayscale
41,Ü,accented_upper,upper_Ü,1,images/upper_Ü/upper_Ü_0001.png,U+00DC,28,28,grayscale
41,Ü,accented_upper,upper_Ü,2,images/upper_Ü/upper_Ü_0002.png,U+00DC,28,28,grayscale
41,Ü,accented_upper,upper_Ü,3,images/upper_Ü/upper_Ü_0003.png,U+00DC,28,28,grayscale
41,Ü,accented_upper,upper_Ü,4,images/upper_Ü/upper_Ü_0004.png,U+00DC,28,28,grayscale
41,Ü,accented_upper,upper_Ü,5,images/upper_Ü/upper_Ü_0005.png,U+00DC,28,28,grayscale
41,Ü,accented_upper,upper_Ü,6,images/upper_Ü/upper_Ü_0006.png,U+00DC,28,28,grayscale
41,Ü,accented_upper,upper_Ü,7,images/upper_Ü/upper_Ü_0007.png,U+00DC,28,28,grayscale
41,Ü,accented_upper,upper_Ü,8,images/upper_Ü/upper_Ü_0008.png,U+00DC,28,28,grayscale
41,Ü,accented_upper,upper_Ü,9,images/upper_Ü/upper_Ü_0009.png,U+00DC,28,28,grayscale
42,Ñ,accented_upper,upper_Ñ,0,images/upper_Ñ/upper_Ñ_0000.png,U+00D1,28,28,grayscale
42,Ñ,accented_upper,upper_Ñ,1,images/upper_Ñ/upper_Ñ_0001.png,U+00D1,28,28,grayscale
42,Ñ,accented_upper,upper_Ñ,2,images/upper_Ñ/upper_Ñ_0002.png,U+00D1,28,28,grayscale
42,Ñ,accented_upper,upper_Ñ,3,images/upper_Ñ/upper_Ñ_0003.png,U+00D1,28,28,grayscale
42,Ñ,accented_upper,upper_Ñ,4,images/upper_Ñ/upper_Ñ_0004.png,U+00D1,28,28,grayscale
42,Ñ,accented_upper,upper_Ñ,5,images/upper_Ñ/upper_Ñ_0005.png,U+00D1,28,28,grayscale
42,Ñ,accented_upper,upper_Ñ,6,images/upper_Ñ/upper_Ñ_0006.png,U+00D1,28,28,grayscale
42,Ñ,accented_upper,upper_Ñ,7,images/upper_Ñ/upper_Ñ_0007.png,U+00D1,28,28,grayscale
42,Ñ,accented_upper,upper_Ñ,8,images/upper_Ñ/upper_Ñ_0008.png,U+00D1,28,28,grayscale
42,Ñ,accented_upper,upper_Ñ,9,images/upper_Ñ/upper_Ñ_0009.png,U+00D1,28,28,grayscale
43,a,lowercase,lower_a,0,images/lower_a/lower_a_0000.png,U+0061,28,28,grayscale
43,a,lowercase,lower_a,1,images/lower_a/lower_a_0001.png,U+0061,28,28,grayscale
43,a,lowercase,lower_a,2,images/lower_a/lower_a_0002.png,U+0061,28,28,grayscale
43,a,lowercase,lower_a,3,images/lower_a/lower_a_0003.png,U+0061,28,28,grayscale
43,a,lowercase,lower_a,4,images/lower_a/lower_a_0004.png,U+0061,28,28,grayscale
43,a,lowercase,lower_a,5,images/lower_a/lower_a_0005.png,U+0061,28,28,grayscale
43,a,lowercase,lower_a,6,images/lower_a/lower_a_0006.png,U+0061,28,28,grayscale
43,a,lowercase,lower_a,7,images/lower_a/lower_a_0007.png,U+0061,28,28,grayscale
43,a,lowercase,lower_a,8,images/lower_a/lower_a_0008.png,U+0061,28,28,grayscale
43,a,lowercase,lower_a,9,images/lower_a/lower_a_0009.png,U+0061,28,28,grayscale
44,b,lowercase,lower_b,0,images/lower_b/lower_b_0000.png,U+0062,28,28,grayscale
44,b,lowercase,lower_b,1,images/lower_b/lower_b_0001.png,U+0062,28,28,grayscale
44,b,lowercase,lower_b,2,images/lower_b/lower_b_0002.png,U+0062,28,28,grayscale
44,b,lowercase,lower_b,3,images/lower_b/lower_b_0003.png,U+0062,28,28,grayscale
44,b,lowercase,lower_b,4,images/lower_b/lower_b_0004.png,U+0062,28,28,grayscale
44,b,lowercase,lower_b,5,images/lower_b/lower_b_0005.png,U+0062,28,28,grayscale
44,b,lowercase,lower_b,6,images/lower_b/lower_b_0006.png,U+0062,28,28,grayscale
44,b,lowercase,lower_b,7,images/lower_b/lower_b_0007.png,U+0062,28,28,grayscale
44,b,lowercase,lower_b,8,images/lower_b/lower_b_0008.png,U+0062,28,28,grayscale
44,b,lowercase,lower_b,9,images/lower_b/lower_b_0009.png,U+0062,28,28,grayscale
45,c,lowercase,lower_c,0,images/lower_c/lower_c_0000.png,U+0063,28,28,grayscale
45,c,lowercase,lower_c,1,images/lower_c/lower_c_0001.png,U+0063,28,28,grayscale
45,c,lowercase,lower_c,2,images/lower_c/lower_c_0002.png,U+0063,28,28,grayscale
45,c,lowercase,lower_c,3,images/lower_c/lower_c_0003.png,U+0063,28,28,grayscale
45,c,lowercase,lower_c,4,images/lower_c/lower_c_0004.png,U+0063,28,28,grayscale
45,c,lowercase,lower_c,5,images/lower_c/lower_c_0005.png,U+0063,28,28,grayscale
45,c,lowercase,lower_c,6,images/lower_c/lower_c_0006.png,U+0063,28,28,grayscale
45,c,lowercase,lower_c,7,images/lower_c/lower_c_0007.png,U+0063,28,28,grayscale
45,c,lowercase,lower_c,8,images/lower_c/lower_c_0008.png,U+0063,28,28,grayscale
45,c,lowercase,lower_c,9,images/lower_c/lower_c_0009.png,U+0063,28,28,grayscale
46,d,lowercase,lower_d,0,images/lower_d/lower_d_0000.png,U+0064,28,28,grayscale
46,d,lowercase,lower_d,1,images/lower_d/lower_d_0001.png,U+0064,28,28,grayscale
46,d,lowercase,lower_d,2,images/lower_d/lower_d_0002.png,U+0064,28,28,grayscale
46,d,lowercase,lower_d,3,images/lower_d/lower_d_0003.png,U+0064,28,28,grayscale
46,d,lowercase,lower_d,4,images/lower_d/lower_d_0004.png,U+0064,28,28,grayscale
46,d,lowercase,lower_d,5,images/lower_d/lower_d_0005.png,U+0064,28,28,grayscale
46,d,lowercase,lower_d,6,images/lower_d/lower_d_0006.png,U+0064,28,28,grayscale
46,d,lowercase,lower_d,7,images/lower_d/lower_d_0007.png,U+0064,28,28,grayscale
46,d,lowercase,lower_d,8,images/lower_d/lower_d_0008.png,U+0064,28,28,grayscale
46,d,lowercase,lower_d,9,images/lower_d/lower_d_0009.png,U+0064,28,28,grayscale
47,e,lowercase,lower_e,0,images/lower_e/lower_e_0000.png,U+0065,28,28,grayscale
47,e,lowercase,lower_e,1,images/lower_e/lower_e_0001.png,U+0065,28,28,grayscale
47,e,lowercase,lower_e,2,images/lower_e/lower_e_0002.png,U+0065,28,28,grayscale
47,e,lowercase,lower_e,3,images/lower_e/lower_e_0003.png,U+0065,28,28,grayscale
47,e,lowercase,lower_e,4,images/lower_e/lower_e_0004.png,U+0065,28,28,grayscale
47,e,lowercase,lower_e,5,images/lower_e/lower_e_0005.png,U+0065,28,28,grayscale
47,e,lowercase,lower_e,6,images/lower_e/lower_e_0006.png,U+0065,28,28,grayscale
47,e,lowercase,lower_e,7,images/lower_e/lower_e_0007.png,U+0065,28,28,grayscale
47,e,lowercase,lower_e,8,images/lower_e/lower_e_0008.png,U+0065,28,28,grayscale
47,e,lowercase,lower_e,9,images/lower_e/lower_e_0009.png,U+0065,28,28,grayscale
48,f,lowercase,lower_f,0,images/lower_f/lower_f_0000.png,U+0066,28,28,grayscale
48,f,lowercase,lower_f,1,images/lower_f/lower_f_0001.png,U+0066,28,28,grayscale
48,f,lowercase,lower_f,2,images/lower_f/lower_f_0002.png,U+0066,28,28,grayscale
48,f,lowercase,lower_f,3,images/lower_f/lower_f_0003.png,U+0066,28,28,grayscale
48,f,lowercase,lower_f,4,images/lower_f/lower_f_0004.png,U+0066,28,28,grayscale
48,f,lowercase,lower_f,5,images/lower_f/lower_f_0005.png,U+0066,28,28,grayscale
48,f,lowercase,lower_f,6,images/lower_f/lower_f_0006.png,U+0066,28,28,grayscale
48,f,lowercase,lower_f,7,images/lower_f/lower_f_0007.png,U+0066,28,28,grayscale
48,f,lowercase,lower_f,8,images/lower_f/lower_f_0008.png,U+0066,28,28,grayscale
48,f,lowercase,lower_f,9,images/lower_f/lower_f_0009.png,U+0066,28,28,grayscale
49,g,lowercase,lower_g,0,images/lower_g/lower_g_0000.png,U+0067,28,28,grayscale
49,g,lowercase,lower_g,1,images/lower_g/lower_g_0001.png,U+0067,28,28,grayscale
49,g,lowercase,lower_g,2,images/lower_g/lower_g_0002.png,U+0067,28,28,grayscale
49,g,lowercase,lower_g,3,images/lower_g/lower_g_0003.png,U+0067,28,28,grayscale
49,g,lowercase,lower_g,4,images/lower_g/lower_g_0004.png,U+0067,28,28,grayscale
49,g,lowercase,lower_g,5,images/lower_g/lower_g_0005.png,U+0067,28,28,grayscale
49,g,lowercase,lower_g,6,images/lower_g/lower_g_0006.png,U+0067,28,28,grayscale
49,g,lowercase,lower_g,7,images/lower_g/lower_g_0007.png,U+0067,28,28,grayscale
49,g,lowercase,lower_g,8,images/lower_g/lower_g_0008.png,U+0067,28,28,grayscale
49,g,lowercase,lower_g,9,images/lower_g/lower_g_0009.png,U+0067,28,28,grayscale
50,h,lowercase,lower_h,0,images/lower_h/lower_h_0000.png,U+0068,28,28,grayscale
50,h,lowercase,lower_h,1,images/lower_h/lower_h_0001.png,U+0068,28,28,grayscale
50,h,lowercase,lower_h,2,images/lower_h/lower_h_0002.png,U+0068,28,28,grayscale
50,h,lowercase,lower_h,3,images/lower_h/lower_h_0003.png,U+0068,28,28,grayscale
50,h,lowercase,lower_h,4,images/lower_h/lower_h_0004.png,U+0068,28,28,grayscale
50,h,lowercase,lower_h,5,images/lower_h/lower_h_0005.png,U+0068,28,28,grayscale
50,h,lowercase,lower_h,6,images/lower_h/lower_h_0006.png,U+0068,28,28,grayscale
50,h,lowercase,lower_h,7,images/lower_h/lower_h_0007.png,U+0068,28,28,grayscale
50,h,lowercase,lower_h,8,images/lower_h/lower_h_0008.png,U+0068,28,28,grayscale
50,h,lowercase,lower_h,9,images/lower_h/lower_h_0009.png,U+0068,28,28,grayscale
51,i,lowercase,lower_i,0,images/lower_i/lower_i_0000.png,U+0069,28,28,grayscale
51,i,lowercase,lower_i,1,images/lower_i/lower_i_0001.png,U+0069,28,28,grayscale
51,i,lowercase,lower_i,2,images/lower_i/lower_i_0002.png,U+0069,28,28,grayscale
51,i,lowercase,lower_i,3,images/lower_i/lower_i_0003.png,U+0069,28,28,grayscale
51,i,lowercase,lower_i,4,images/lower_i/lower_i_0004.png,U+0069,28,28,grayscale
51,i,lowercase,lower_i,5,images/lower_i/lower_i_0005.png,U+0069,28,28,grayscale
51,i,lowercase,lower_i,6,images/lower_i/lower_i_0006.png,U+0069,28,28,grayscale
51,i,lowercase,lower_i,7,images/lower_i/lower_i_0007.png,U+0069,28,28,grayscale
51,i,lowercase,lower_i,8,images/lower_i/lower_i_0008.png,U+0069,28,28,grayscale
51,i,lowercase,lower_i,9,images/lower_i/lower_i_0009.png,U+0069,28,28,grayscale
52,j,lowercase,lower_j,0,images/lower_j/lower_j_0000.png,U+006A,28,28,grayscale
52,j,lowercase,lower_j,1,images/lower_j/lower_j_0001.png,U+006A,28,28,grayscale
52,j,lowercase,lower_j,2,images/lower_j/lower_j_0002.png,U+006A,28,28,grayscale
52,j,lowercase,lower_j,3,images/lower_j/lower_j_0003.png,U+006A,28,28,grayscale
52,j,lowercase,lower_j,4,images/lower_j/lower_j_0004.png,U+006A,28,28,grayscale
52,j,lowercase,lower_j,5,images/lower_j/lower_j_0005.png,U+006A,28,28,grayscale
52,j,lowercase,lower_j,6,images/lower_j/lower_j_0006.png,U+006A,28,28,grayscale
52,j,lowercase,lower_j,7,images/lower_j/lower_j_0007.png,U+006A,28,28,grayscale
52,j,lowercase,lower_j,8,images/lower_j/lower_j_0008.png,U+006A,28,28,grayscale
52,j,lowercase,lower_j,9,images/lower_j/lower_j_0009.png,U+006A,28,28,grayscale
53,k,lowercase,lower_k,0,images/lower_k/lower_k_0000.png,U+006B,28,28,grayscale
53,k,lowercase,lower_k,1,images/lower_k/lower_k_0001.png,U+006B,28,28,grayscale
53,k,lowercase,lower_k,2,images/lower_k/lower_k_0002.png,U+006B,28,28,grayscale
53,k,lowercase,lower_k,3,images/lower_k/lower_k_0003.png,U+006B,28,28,grayscale
53,k,lowercase,lower_k,4,images/lower_k/lower_k_0004.png,U+006B,28,28,grayscale
53,k,lowercase,lower_k,5,images/lower_k/lower_k_0005.png,U+006B,28,28,grayscale
53,k,lowercase,lower_k,6,images/lower_k/lower_k_0006.png,U+006B,28,28,grayscale
53,k,lowercase,lower_k,7,images/lower_k/lower_k_0007.png,U+006B,28,28,grayscale
53,k,lowercase,lower_k,8,images/lower_k/lower_k_0008.png,U+006B,28,28,grayscale
53,k,lowercase,lower_k,9,images/lower_k/lower_k_0009.png,U+006B,28,28,grayscale
54,l,lowercase,lower_l,0,images/lower_l/lower_l_0000.png,U+006C,28,28,grayscale
54,l,lowercase,lower_l,1,images/lower_l/lower_l_0001.png,U+006C,28,28,grayscale
54,l,lowercase,lower_l,2,images/lower_l/lower_l_0002.png,U+006C,28,28,grayscale
54,l,lowercase,lower_l,3,images/lower_l/lower_l_0003.png,U+006C,28,28,grayscale
54,l,lowercase,lower_l,4,images/lower_l/lower_l_0004.png,U+006C,28,28,grayscale
54,l,lowercase,lower_l,5,images/lower_l/lower_l_0005.png,U+006C,28,28,grayscale
54,l,lowercase,lower_l,6,images/lower_l/lower_l_0006.png,U+006C,28,28,grayscale
54,l,lowercase,lower_l,7,images/lower_l/lower_l_0007.png,U+006C,28,28,grayscale
54,l,lowercase,lower_l,8,images/lower_l/lower_l_0008.png,U+006C,28,28,grayscale
54,l,lowercase,lower_l,9,images/lower_l/lower_l_0009.png,U+006C,28,28,grayscale
55,m,lowercase,lower_m,0,images/lower_m/lower_m_0000.png,U+006D,28,28,grayscale
55,m,lowercase,lower_m,1,images/lower_m/lower_m_0001.png,U+006D,28,28,grayscale
55,m,lowercase,lower_m,2,images/lower_m/lower_m_0002.png,U+006D,28,28,grayscale
55,m,lowercase,lower_m,3,images/lower_m/lower_m_0003.png,U+006D,28,28,grayscale
55,m,lowercase,lower_m,4,images/lower_m/lower_m_0004.png,U+006D,28,28,grayscale
55,m,lowercase,lower_m,5,images/lower_m/lower_m_0005.png,U+006D,28,28,grayscale
55,m,lowercase,lower_m,6,images/lower_m/lower_m_0006.png,U+006D,28,28,grayscale
55,m,lowercase,lower_m,7,images/lower_m/lower_m_0007.png,U+006D,28,28,grayscale
55,m,lowercase,lower_m,8,images/lower_m/lower_m_0008.png,U+006D,28,28,grayscale
55,m,lowercase,lower_m,9,images/lower_m/lower_m_0009.png,U+006D,28,28,grayscale
56,n,lowercase,lower_n,0,images/lower_n/lower_n_0000.png,U+006E,28,28,grayscale
56,n,lowercase,lower_n,1,images/lower_n/lower_n_0001.png,U+006E,28,28,grayscale
56,n,lowercase,lower_n,2,images/lower_n/lower_n_0002.png,U+006E,28,28,grayscale
56,n,lowercase,lower_n,3,images/lower_n/lower_n_0003.png,U+006E,28,28,grayscale
56,n,lowercase,lower_n,4,images/lower_n/lower_n_0004.png,U+006E,28,28,grayscale
56,n,lowercase,lower_n,5,images/lower_n/lower_n_0005.png,U+006E,28,28,grayscale
56,n,lowercase,lower_n,6,images/lower_n/lower_n_0006.png,U+006E,28,28,grayscale
56,n,lowercase,lower_n,7,images/lower_n/lower_n_0007.png,U+006E,28,28,grayscale
56,n,lowercase,lower_n,8,images/lower_n/lower_n_0008.png,U+006E,28,28,grayscale
56,n,lowercase,lower_n,9,images/lower_n/lower_n_0009.png,U+006E,28,28,grayscale
57,o,lowercase,lower_o,0,images/lower_o/lower_o_0000.png,U+006F,28,28,grayscale
57,o,lowercase,lower_o,1,images/lower_o/lower_o_0001.png,U+006F,28,28,grayscale
57,o,lowercase,lower_o,2,images/lower_o/lower_o_0002.png,U+006F,28,28,grayscale
57,o,lowercase,lower_o,3,images/lower_o/lower_o_0003.png,U+006F,28,28,grayscale
57,o,lowercase,lower_o,4,images/lower_o/lower_o_0004.png,U+006F,28,28,grayscale
57,o,lowercase,lower_o,5,images/lower_o/lower_o_0005.png,U+006F,28,28,grayscale
57,o,lowercase,lower_o,6,images/lower_o/lower_o_0006.png,U+006F,28,28,grayscale
57,o,lowercase,lower_o,7,images/lower_o/lower_o_0007.png,U+006F,28,28,grayscale
57,o,lowercase,lower_o,8,images/lower_o/lower_o_0008.png,U+006F,28,28,grayscale
57,o,lowercase,lower_o,9,images/lower_o/lower_o_0009.png,U+006F,28,28,grayscale
58,p,lowercase,lower_p,0,images/lower_p/lower_p_0000.png,U+0070,28,28,grayscale
58,p,lowercase,lower_p,1,images/lower_p/lower_p_0001.png,U+0070,28,28,grayscale
58,p,lowercase,lower_p,2,images/lower_p/lower_p_0002.png,U+0070,28,28,grayscale
58,p,lowercase,lower_p,3,images/lower_p/lower_p_0003.png,U+0070,28,28,grayscale
58,p,lowercase,lower_p,4,images/lower_p/lower_p_0004.png,U+0070,28,28,grayscale
58,p,lowercase,lower_p,5,images/lower_p/lower_p_0005.png,U+0070,28,28,grayscale
58,p,lowercase,lower_p,6,images/lower_p/lower_p_0006.png,U+0070,28,28,grayscale
58,p,lowercase,lower_p,7,images/lower_p/lower_p_0007.png,U+0070,28,28,grayscale
58,p,lowercase,lower_p,8,images/lower_p/lower_p_0008.png,U+0070,28,28,grayscale
58,p,lowercase,lower_p,9,images/lower_p/lower_p_0009.png,U+0070,28,28,grayscale
59,q,lowercase,lower_q,0,images/lower_q/lower_q_0000.png,U+0071,28,28,grayscale
59,q,lowercase,lower_q,1,images/lower_q/lower_q_0001.png,U+0071,28,28,grayscale
59,q,lowercase,lower_q,2,images/lower_q/lower_q_0002.png,U+0071,28,28,grayscale
59,q,lowercase,lower_q,3,images/lower_q/lower_q_0003.png,U+0071,28,28,grayscale
59,q,lowercase,lower_q,4,images/lower_q/lower_q_0004.png,U+0071,28,28,grayscale
59,q,lowercase,lower_q,5,images/lower_q/lower_q_0005.png,U+0071,28,28,grayscale
59,q,lowercase,lower_q,6,images/lower_q/lower_q_0006.png,U+0071,28,28,grayscale
59,q,lowercase,lower_q,7,images/lower_q/lower_q_0007.png,U+0071,28,28,grayscale
59,q,lowercase,lower_q,8,images/lower_q/lower_q_0008.png,U+0071,28,28,grayscale
59,q,lowercase,lower_q,9,images/lower_q/lower_q_0009.png,U+0071,28,28,grayscale
60,r,lowercase,lower_r,0,images/lower_r/lower_r_0000.png,U+0072,28,28,grayscale
60,r,lowercase,lower_r,1,images/lower_r/lower_r_0001.png,U+0072,28,28,grayscale
60,r,lowercase,lower_r,2,images/lower_r/lower_r_0002.png,U+0072,28,28,grayscale
60,r,lowercase,lower_r,3,images/lower_r/lower_r_0003.png,U+0072,28,28,grayscale
60,r,lowercase,lower_r,4,images/lower_r/lower_r_0004.png,U+0072,28,28,grayscale
60,r,lowercase,lower_r,5,images/lower_r/lower_r_0005.png,U+0072,28,28,grayscale
60,r,lowercase,lower_r,6,images/lower_r/lower_r_0006.png,U+0072,28,28,grayscale
60,r,lowercase,lower_r,7,images/lower_r/lower_r_0007.png,U+0072,28,28,grayscale
60,r,lowercase,lower_r,8,images/lower_r/lower_r_0008.png,U+0072,28,28,grayscale
60,r,lowercase,lower_r,9,images/lower_r/lower_r_0009.png,U+0072,28,28,grayscale
61,s,lowercase,lower_s,0,images/lower_s/lower_s_0000.png,U+0073,28,28,grayscale
61,s,lowercase,lower_s,1,images/lower_s/lower_s_0001.png,U+0073,28,28,grayscale
61,s,lowercase,lower_s,2,images/lower_s/lower_s_0002.png,U+0073,28,28,grayscale
61,s,lowercase,lower_s,3,images/lower_s/lower_s_0003.png,U+0073,28,28,grayscale
61,s,lowercase,lower_s,4,images/lower_s/lower_s_0004.png,U+0073,28,28,grayscale
61,s,lowercase,lower_s,5,images/lower_s/lower_s_0005.png,U+0073,28,28,grayscale
61,s,lowercase,lower_s,6,images/lower_s/lower_s_0006.png,U+0073,28,28,grayscale
61,s,lowercase,lower_s,7,images/lower_s/lower_s_0007.png,U+0073,28,28,grayscale
61,s,lowercase,lower_s,8,images/lower_s/lower_s_0008.png,U+0073,28,28,grayscale
61,s,lowercase,lower_s,9,images/lower_s/lower_s_0009.png,U+0073,28,28,grayscale
62,t,lowercase,lower_t,0,images/lower_t/lower_t_0000.png,U+0074,28,28,grayscale
62,t,lowercase,lower_t,1,images/lower_t/lower_t_0001.png,U+0074,28,28,grayscale
62,t,lowercase,lower_t,2,images/lower_t/lower_t_0002.png,U+0074,28,28,grayscale
62,t,lowercase,lower_t,3,images/lower_t/lower_t_0003.png,U+0074,28,28,grayscale
62,t,lowercase,lower_t,4,images/lower_t/lower_t_0004.png,U+0074,28,28,grayscale
62,t,lowercase,lower_t,5,images/lower_t/lower_t_0005.png,U+0074,28,28,grayscale
62,t,lowercase,lower_t,6,images/lower_t/lower_t_0006.png,U+0074,28,28,grayscale
62,t,lowercase,lower_t,7,images/lower_t/lower_t_0007.png,U+0074,28,28,grayscale
62,t,lowercase,lower_t,8,images/lower_t/lower_t_0008.png,U+0074,28,28,grayscale
62,t,lowercase,lower_t,9,images/lower_t/lower_t_0009.png,U+0074,28,28,grayscale
63,u,lowercase,lower_u,0,images/lower_u/lower_u_0000.png,U+0075,28,28,grayscale
63,u,lowercase,lower_u,1,images/lower_u/lower_u_0001.png,U+0075,28,28,grayscale
63,u,lowercase,lower_u,2,images/lower_u/lower_u_0002.png,U+0075,28,28,grayscale
63,u,lowercase,lower_u,3,images/lower_u/lower_u_0003.png,U+0075,28,28,grayscale
63,u,lowercase,lower_u,4,images/lower_u/lower_u_0004.png,U+0075,28,28,grayscale
63,u,lowercase,lower_u,5,images/lower_u/lower_u_0005.png,U+0075,28,28,grayscale
63,u,lowercase,lower_u,6,images/lower_u/lower_u_0006.png,U+0075,28,28,grayscale
63,u,lowercase,lower_u,7,images/lower_u/lower_u_0007.png,U+0075,28,28,grayscale
63,u,lowercase,lower_u,8,images/lower_u/lower_u_0008.png,U+0075,28,28,grayscale
63,u,lowercase,lower_u,9,images/lower_u/lower_u_0009.png,U+0075,28,28,grayscale
64,v,lowercase,lower_v,0,images/lower_v/lower_v_0000.png,U+0076,28,28,grayscale
64,v,lowercase,lower_v,1,images/lower_v/lower_v_0001.png,U+0076,28,28,grayscale
64,v,lowercase,lower_v,2,images/lower_v/lower_v_0002.png,U+0076,28,28,grayscale
64,v,lowercase,lower_v,3,images/lower_v/lower_v_0003.png,U+0076,28,28,grayscale
64,v,lowercase,lower_v,4,images/lower_v/lower_v_0004.png,U+0076,28,28,grayscale
64,v,lowercase,lower_v,5,images/lower_v/lower_v_0005.png,U+0076,28,28,grayscale
64,v,lowercase,lower_v,6,images/lower_v/lower_v_0006.png,U+0076,28,28,grayscale
64,v,lowercase,lower_v,7,images/lower_v/lower_v_0007.png,U+0076,28,28,grayscale
64,v,lowercase,lower_v,8,images/lower_v/lower_v_0008.png,U+0076,28,28,grayscale
64,v,lowercase,lower_v,9,images/lower_v/lower_v_0009.png,U+0076,28,28,grayscale
65,w,lowercase,lower_w,0,images/lower_w/lower_w_0000.png,U+0077,28,28,grayscale
65,w,lowercase,lower_w,1,images/lower_w/lower_w_0001.png,U+0077,28,28,grayscale
65,w,lowercase,lower_w,2,images/lower_w/lower_w_0002.png,U+0077,28,28,grayscale
65,w,lowercase,lower_w,3,images/lower_w/lower_w_0003.png,U+0077,28,28,grayscale
65,w,lowercase,lower_w,4,images/lower_w/lower_w_0004.png,U+0077,28,28,grayscale
65,w,lowercase,lower_w,5,images/lower_w/lower_w_0005.png,U+0077,28,28,grayscale
65,w,lowercase,lower_w,6,images/lower_w/lower_w_0006.png,U+0077,28,28,grayscale
65,w,lowercase,lower_w,7,images/lower_w/lower_w_0007.png,U+0077,28,28,grayscale
65,w,lowercase,lower_w,8,images/lower_w/lower_w_0008.png,U+0077,28,28,grayscale
65,w,lowercase,lower_w,9,images/lower_w/lower_w_0009.png,U+0077,28,28,grayscale
66,x,lowercase,lower_x,0,images/lower_x/lower_x_0000.png,U+0078,28,28,grayscale
66,x,lowercase,lower_x,1,images/lower_x/lower_x_0001.png,U+0078,28,28,grayscale
66,x,lowercase,lower_x,2,images/lower_x/lower_x_0002.png,U+0078,28,28,grayscale
66,x,lowercase,lower_x,3,images/lower_x/lower_x_0003.png,U+0078,28,28,grayscale
66,x,lowercase,lower_x,4,images/lower_x/lower_x_0004.png,U+0078,28,28,grayscale
66,x,lowercase,lower_x,5,images/lower_x/lower_x_0005.png,U+0078,28,28,grayscale
66,x,lowercase,lower_x,6,images/lower_x/lower_x_0006.png,U+0078,28,28,grayscale
66,x,lowercase,lower_x,7,images/lower_x/lower_x_0007.png,U+0078,28,28,grayscale
66,x,lowercase,lower_x,8,images/lower_x/lower_x_0008.png,U+0078,28,28,grayscale
66,x,lowercase,lower_x,9,images/lower_x/lower_x_0009.png,U+0078,28,28,grayscale
67,y,lowercase,lower_y,0,images/lower_y/lower_y_0000.png,U+0079,28,28,grayscale
67,y,lowercase,lower_y,1,images/lower_y/lower_y_0001.png,U+0079,28,28,grayscale
67,y,lowercase,lower_y,2,images/lower_y/lower_y_0002.png,U+0079,28,28,grayscale
67,y,lowercase,lower_y,3,images/lower_y/lower_y_0003.png,U+0079,28,28,grayscale
67,y,lowercase,lower_y,4,images/lower_y/lower_y_0004.png,U+0079,28,28,grayscale
67,y,lowercase,lower_y,5,images/lower_y/lower_y_0005.png,U+0079,28,28,grayscale
67,y,lowercase,lower_y,6,images/lower_y/lower_y_0006.png,U+0079,28,28,grayscale
67,y,lowercase,lower_y,7,images/lower_y/lower_y_0007.png,U+0079,28,28,grayscale
67,y,lowercase,lower_y,8,images/lower_y/lower_y_0008.png,U+0079,28,28,grayscale
67,y,lowercase,lower_y,9,images/lower_y/lower_y_0009.png,U+0079,28,28,grayscale
68,z,lowercase,lower_z,0,images/lower_z/lower_z_0000.png,U+007A,28,28,grayscale
68,z,lowercase,lower_z,1,images/lower_z/lower_z_0001.png,U+007A,28,28,grayscale
68,z,lowercase,lower_z,2,images/lower_z/lower_z_0002.png,U+007A,28,28,grayscale
68,z,lowercase,lower_z,3,images/lower_z/lower_z_0003.png,U+007A,28,28,grayscale
68,z,lowercase,lower_z,4,images/lower_z/lower_z_0004.png,U+007A,28,28,grayscale
68,z,lowercase,lower_z,5,images/lower_z/lower_z_0005.png,U+007A,28,28,grayscale
68,z,lowercase,lower_z,6,images/lower_z/lower_z_0006.png,U+007A,28,28,grayscale
68,z,lowercase,lower_z,7,images/lower_z/lower_z_0007.png,U+007A,28,28,grayscale
68,z,lowercase,lower_z,8,images/lower_z/lower_z_0008.png,U+007A,28,28,grayscale
68,z,lowercase,lower_z,9,images/lower_z/lower_z_0009.png,U+007A,28,28,grayscale
69,á,accented_lower,lower_á,0,images/lower_á/lower_á_0000.png,U+00E1,28,28,grayscale
69,á,accented_lower,lower_á,1,images/lower_á/lower_á_0001.png,U+00E1,28,28,grayscale
69,á,accented_lower,lower_á,2,images/lower_á/lower_á_0002.png,U+00E1,28,28,grayscale
69,á,accented_lower,lower_á,3,images/lower_á/lower_á_0003.png,U+00E1,28,28,grayscale
69,á,accented_lower,lower_á,4,images/lower_á/lower_á_0004.png,U+00E1,28,28,grayscale
69,á,accented_lower,lower_á,5,images/lower_á/lower_á_0005.png,U+00E1,28,28,grayscale
69,á,accented_lower,lower_á,6,images/lower_á/lower_á_0006.png,U+00E1,28,28,grayscale
69,á,accented_lower,lower_á,7,images/lower_á/lower_á_0007.png,U+00E1,28,28,grayscale
69,á,accented_lower,lower_á,8,images/lower_á/lower_á_0008.png,U+00E1,28,28,grayscale
69,á,accented_lower,lower_á,9,images/lower_á/lower_á_0009.png,U+00E1,28,28,grayscale
70,é,accented_lower,lower_é,0,images/lower_é/lower_é_0000.png,U+00E9,28,28,grayscale
70,é,accented_lower,lower_é,1,images/lower_é/lower_é_0001.png,U+00E9,28,28,grayscale
70,é,accented_lower,lower_é,2,images/lower_é/lower_é_0002.png,U+00E9,28,28,grayscale
70,é,accented_lower,lower_é,3,images/lower_é/lower_é_0003.png,U+00E9,28,28,grayscale
70,é,accented_lower,lower_é,4,images/lower_é/lower_é_0004.png,U+00E9,28,28,grayscale
70,é,accented_lower,lower_é,5,images/lower_é/lower_é_0005.png,U+00E9,28,28,grayscale
70,é,accented_lower,lower_é,6,images/lower_é/lower_é_0006.png,U+00E9,28,28,grayscale
70,é,accented_lower,lower_é,7,images/lower_é/lower_é_0007.png,U+00E9,28,28,grayscale
70,é,accented_lower,lower_é,8,images/lower_é/lower_é_0008.png,U+00E9,28,28,grayscale
70,é,accented_lower,lower_é,9,images/lower_é/lower_é_0009.png,U+00E9,28,28,grayscale
71,í,accented_lower,lower_í,0,images/lower_í/lower_í_0000.png,U+00ED,28,28,grayscale
71,í,accented_lower,lower_í,1,images/lower_í/lower_í_0001.png,U+00ED,28,28,grayscale
71,í,accented_lower,lower_í,2,images/lower_í/lower_í_0002.png,U+00ED,28,28,grayscale
71,í,accented_lower,lower_í,3,images/lower_í/lower_í_0003.png,U+00ED,28,28,grayscale
71,í,accented_lower,lower_í,4,images/lower_í/lower_í_0004.png,U+00ED,28,28,grayscale
71,í,accented_lower,lower_í,5,images/lower_í/lower_í_0005.png,U+00ED,28,28,grayscale
71,í,accented_lower,lower_í,6,images/lower_í/lower_í_0006.png,U+00ED,28,28,grayscale
71,í,accented_lower,lower_í,7,images/lower_í/lower_í_0007.png,U+00ED,28,28,grayscale
71,í,accented_lower,lower_í,8,images/lower_í/lower_í_0008.png,U+00ED,28,28,grayscale
71,í,accented_lower,lower_í,9,images/lower_í/lower_í_0009.png,U+00ED,28,28,grayscale
72,ó,accented_lower,lower_ó,0,images/lower_ó/lower_ó_0000.png,U+00F3,28,28,grayscale
72,ó,accented_lower,lower_ó,1,images/lower_ó/lower_ó_0001.png,U+00F3,28,28,grayscale
72,ó,accented_lower,lower_ó,2,images/lower_ó/lower_ó_0002.png,U+00F3,28,28,grayscale
72,ó,accented_lower,lower_ó,3,images/lower_ó/lower_ó_0003.png,U+00F3,28,28,grayscale
72,ó,accented_lower,lower_ó,4,images/lower_ó/lower_ó_0004.png,U+00F3,28,28,grayscale
72,ó,accented_lower,lower_ó,5,images/lower_ó/lower_ó_0005.png,U+00F3,28,28,grayscale
72,ó,accented_lower,lower_ó,6,images/lower_ó/lower_ó_0006.png,U+00F3,28,28,grayscale
72,ó,accented_lower,lower_ó,7,images/lower_ó/lower_ó_0007.png,U+00F3,28,28,grayscale
72,ó,accented_lower,lower_ó,8,images/lower_ó/lower_ó_0008.png,U+00F3,28,28,grayscale
72,ó,accented_lower,lower_ó,9,images/lower_ó/lower_ó_0009.png,U+00F3,28,28,grayscale
73,ú,accented_lower,lower_ú,0,images/lower_ú/lower_ú_0000.png,U+00FA,28,28,grayscale
73,ú,accented_lower,lower_ú,1,images/lower_ú/lower_ú_0001.png,U+00FA,28,28,grayscale
73,ú,accented_lower,lower_ú,2,images/lower_ú/lower_ú_0002.png,U+00FA,28,28,grayscale
73,ú,accented_lower,lower_ú,3,images/lower_ú/lower_ú_0003.png,U+00FA,28,28,grayscale
73,ú,accented_lower,lower_ú,4,images/lower_ú/lower_ú_0004.png,U+00FA,28,28,grayscale
73,ú,accented_lower,lower_ú,5,images/lower_ú/lower_ú_0005.png,U+00FA,28,28,grayscale
73,ú,accented_lower,lower_ú,6,images/lower_ú/lower_ú_0006.png,U+00FA,28,28,grayscale
73,ú,accented_lower,lower_ú,7,images/lower_ú/lower_ú_0007.png,U+00FA,28,28,grayscale
73,ú,accented_lower,lower_ú,8,images/lower_ú/lower_ú_0008.png,U+00FA,28,28,grayscale
73,ú,accented_lower,lower_ú,9,images/lower_ú/lower_ú_0009.png,U+00FA,28,28,grayscale
74,ü,accented_lower,lower_ü,0,images/lower_ü/lower_ü_0000.png,U+00FC,28,28,grayscale
74,ü,accented_lower,lower_ü,1,images/lower_ü/lower_ü_0001.png,U+00FC,28,28,grayscale
74,ü,accented_lower,lower_ü,2,images/lower_ü/lower_ü_0002.png,U+00FC,28,28,grayscale
74,ü,accented_lower,lower_ü,3,images/lower_ü/lower_ü_0003.png,U+00FC,28,28,grayscale
74,ü,accented_lower,lower_ü,4,images/lower_ü/lower_ü_0004.png,U+00FC,28,28,grayscale
74,ü,accented_lower,lower_ü,5,images/lower_ü/lower_ü_0005.png,U+00FC,28,28,grayscale
74,ü,accented_lower,lower_ü,6,images/lower_ü/lower_ü_0006.png,U+00FC,28,28,grayscale
74,ü,accented_lower,lower_ü,7,images/lower_ü/lower_ü_0007.png,U+00FC,28,28,grayscale
74,ü,accented_lower,lower_ü,8,images/lower_ü/lower_ü_0008.png,U+00FC,28,28,grayscale
74,ü,accented_lower,lower_ü,9,images/lower_ü/lower_ü_0009.png,U+00FC,28,28,grayscale
75,ñ,accented_lower,lower_ñ,0,images/lower_ñ/lower_ñ_0000.png,U+00F1,28,28,grayscale
75,ñ,accented_lower,lower_ñ,1,images/lower_ñ/lower_ñ_0001.png,U+00F1,28,28,grayscale
75,ñ,accented_lower,lower_ñ,2,images/lower_ñ/lower_ñ_0002.png,U+00F1,28,28,grayscale
75,ñ,accented_lower,lower_ñ,3,images/lower_ñ/lower_ñ_0003.png,U+00F1,28,28,grayscale
75,ñ,accented_lower,lower_ñ,4,images/lower_ñ/lower_ñ_0004.png,U+00F1,28,28,grayscale
75,ñ,accented_lower,lower_ñ,5,images/lower_ñ/lower_ñ_0005.png,U+00F1,28,28,grayscale
75,ñ,accented_lower,lower_ñ,6,images/lower_ñ/lower_ñ_0006.png,U+00F1,28,28,grayscale
75,ñ,accented_lower,lower_ñ,7,images/lower_ñ/lower_ñ_0007.png,U+00F1,28,28,grayscale
75,ñ,accented_lower,lower_ñ,8,images/lower_ñ/lower_ñ_0008.png,U+00F1,28,28,grayscale
75,ñ,accented_lower,lower_ñ,9,images/lower_ñ/lower_ñ_0009.png,U+00F1,28,28,grayscale
76,¡,special,inv_exclaim,0,images/inv_exclaim/inv_exclaim_0000.png,U+00A1,28,28,grayscale
76,¡,special,inv_exclaim,1,images/inv_exclaim/inv_exclaim_0001.png,U+00A1,28,28,grayscale
76,¡,special,inv_exclaim,2,images/inv_exclaim/inv_exclaim_0002.png,U+00A1,28,28,grayscale
76,¡,special,inv_exclaim,3,images/inv_exclaim/inv_exclaim_0003.png,U+00A1,28,28,grayscale
76,¡,special,inv_exclaim,4,images/inv_exclaim/inv_exclaim_0004.png,U+00A1,28,28,grayscale
76,¡,special,inv_exclaim,5,images/inv_exclaim/inv_exclaim_0005.png,U+00A1,28,28,grayscale
76,¡,special,inv_exclaim,6,images/inv_exclaim/inv_exclaim_0006.png,U+00A1,28,28,grayscale
76,¡,special,inv_exclaim,7,images/inv_exclaim/inv_exclaim_0007.png,U+00A1,28,28,grayscale
76,¡,special,inv_exclaim,8,images/inv_exclaim/inv_exclaim_0008.png,U+00A1,28,28,grayscale
76,¡,special,inv_exclaim,9,images/inv_exclaim/inv_exclaim_0009.png,U+00A1,28,28,grayscale
77,¿,special,inv_question,0,images/inv_question/inv_question_0000.png,U+00BF,28,28,grayscale
77,¿,special,inv_question,1,images/inv_question/inv_question_0001.png,U+00BF,28,28,grayscale
77,¿,special,inv_question,2,images/inv_question/inv_question_0002.png,U+00BF,28,28,grayscale
77,¿,special,inv_question,3,images/inv_question/inv_question_0003.png,U+00BF,28,28,grayscale
77,¿,special,inv_question,4,images/inv_question/inv_question_0004.png,U+00BF,28,28,grayscale
77,¿,special,inv_question,5,images/inv_question/inv_question_0005.png,U+00BF,28,28,grayscale
77,¿,special,inv_question,6,images/inv_question/inv_question_0006.png,U+00BF,28,28,grayscale
77,¿,special,inv_question,7,images/inv_question/inv_question_0007.png,U+00BF,28,28,grayscale
77,¿,special,inv_question,8,images/inv_question/inv_question_0008.png,U+00BF,28,28,grayscale
77,¿,special,inv_question,9,images/inv_question/inv_question_0009.png,U+00BF,28,28,grayscale
78,«,special,left_angle,0,images/left_angle/left_angle_0000.png,U+00AB,28,28,grayscale
78,«,special,left_angle,1,images/left_angle/left_angle_0001.png,U+00AB,28,28,grayscale
78,«,special,left_angle,2,images/left_angle/left_angle_0002.png,U+00AB,28,28,grayscale
78,«,special,left_angle,3,images/left_angle/left_angle_0003.png,U+00AB,28,28,grayscale
78,«,special,left_angle,4,images/left_angle/left_angle_0004.png,U+00AB,28,28,grayscale
78,«,special,left_angle,5,images/left_angle/left_angle_0005.png,U+00AB,28,28,grayscale
78,«,special,left_angle,6,images/left_angle/left_angle_0006.png,U+00AB,28,28,grayscale
78,«,special,left_angle,7,images/left_angle/left_angle_0007.png,U+00AB,28,28,grayscale
78,«,special,left_angle,8,images/left_angle/left_angle_0008.png,U+00AB,28,28,grayscale
78,«,special,left_angle,9,images/left_angle/left_angle_0009.png,U+00AB,28,28,grayscale
79,»,special,right_angle,0,images/right_angle/right_angle_0000.png,U+00BB,28,28,grayscale
79,»,special,right_angle,1,images/right_angle/right_angle_0001.png,U+00BB,28,28,grayscale
79,»,special,right_angle,2,images/right_angle/right_angle_0002.png,U+00BB,28,28,grayscale
79,»,special,right_angle,3,images/right_angle/right_angle_0003.png,U+00BB,28,28,grayscale
79,»,special,right_angle,4,images/right_angle/right_angle_0004.png,U+00BB,28,28,grayscale
79,»,special,right_angle,5,images/right_angle/right_angle_0005.png,U+00BB,28,28,grayscale
79,»,special,right_angle,6,images/right_angle/right_angle_0006.png,U+00BB,28,28,grayscale
79,»,special,right_angle,7,images/right_angle/right_angle_0007.png,U+00BB,28,28,grayscale
79,»,special,right_angle,8,images/right_angle/right_angle_0008.png,U+00BB,28,28,grayscale
79,»,special,right_angle,9,images/right_angle/right_angle_0009.png,U+00BB,28,28,grayscale
